channel,category
euuhhh,Divertissement
AliceUndergroundPodcast,Divertissement
Caroline Mignaux,Finance & Business
LEGEND,Pause dej
Apple,Tech
OpenAI,Tech
"Scrum Life - Lean, Agile, Kanban",Finance & Business
Etoiles,Divertissement
Hardisk,Pause dej
28 minutes - ARTE,Culture
Thomas Combret,Divertissement
ARTE,Culture
Julien - Investir en Bourse,Finance & Business
Joueur Du Grenier,Divertissement
Apple France,Tech
La Veillée,Pause dej
Mastu,Youtuber pref
Romain Lanéry,Pause dej
CANAL+,Divertissement
Ludo Salenne,Finance & Business
Haroun,Divertissement
Matthieu Louvet - S'investir,Finance & Business
Cyrus North,Pause dej
Cato Minor,Pause dej
billet réduc,Divertissement
Fatche,Pause dej
Best Of Antoine Daniel,Divertissement
Finary,Finance & Business
Jimmy,Pause dej
Justin Ryan ᯅ,Tech
Apple TV,Tech
Conte Fécond,Divertissement
Tu mourras moins bête - ARTE,Culture
Popcorn,Divertissement
Apple Support,Tech
La chaîne de P.A.U.L,Pause dej
Montreux Comedy,Divertissement
Yes vous aime,Divertissement
TRY,Divertissement
Hollow Croissant,Divertissement
Marques Brownlee,Youtuber pref
TheiCollection,Youtuber pref
VZION,Divertissement
Epic Spaceman,Divertissement
Studio Coquillettes,Divertissement
PolyHeart,Divertissement
theyo,Divertissement
Simon Puech,Pause dej
Laurent Baffie,Divertissement
Screen Junkies,Divertissement
Benjamin Code,Finance & Business
Konbini,Youtuber pref
Poachimpa,Divertissement
JOYCA,Youtuber pref
Palmito,Divertissement
Extia,Finance & Business
Welcome to the Jungle Media,Finance & Business
Elise Lucet,Pause dej
Hardisk TV,Youtuber pref
LE ROI DES RATS,Youtuber pref
Ben Névert,Pause dej
Corridor Digital,Divertissement
Timothy Hautekiet,Divertissement
Pitch Meeting,Divertissement
Trade Republic,Finance & Business
Rockstar Games France,Divertissement
What a Fail !,Divertissement
Safirau,Divertissement
Gratin,Divertissement
Sabine,Youtuber pref
Studio Bagel,Youtuber pref
JeanBaptisteShow,Youtuber pref
Best Of du Grenier,Youtuber pref
Anyme TV,Youtuber pref
Feldup,Youtuber pref
Bapt&Gael,Youtuber pref
Mastu Gear 2,Youtuber pref
Numérico,Tech
Réflexions Basses,Finance & Business
Naughty Dog,Divertissement
Jaihno,Divertissement
Kurzgesagt – In a Nutshell,Culture
Tak,Pause dej
V2F,Divertissement
Redouanne Harjane,Divertissement
Zach King,Divertissement
Alex O'Connor,Tech
brinyheart.,Divertissement
TheGreatReview,Youtuber pref
jacksfilms,Divertissement
ARTE Séries,Culture
Mickadoule,Youtuber pref
Tech Now France,Tech
Tesla,Tech
Blogothèque,Musique
Savun,Divertissement
Basti Sans MS,Youtuber pref
Sojirad,Divertissement
The Wall Street Journal,Culture
Charlie Haid,Divertissement
Amixem,Youtuber pref
BOTCH,Divertissement
Red Toons ,Divertissement
VALD,Musique
Kendrick Lamar,Musique
MrBeast,Youtuber pref
Zawa Prod,Divertissement
Jeremy Nadeau,Divertissement
Marketing Mania,Youtuber pref
Don't Hug Me .I'm Scared,Divertissement
Djilsi,Youtuber pref
Sylvdeux,Youtuber pref
Akim Omiri,Divertissement
Le Shesh,Divertissement
slash musique,Musique
Defend Intelligence,Youtuber pref
Gus Johnson,Divertissement
DrakeVEVO,Musique
Axolot,Culture
Lil Dicky,Musique
Alphi,Divertissement
HotshotTek,Tech
SUSHI NIHILISTE,Youtuber pref
Thomas Gauthier,Youtuber pref
Wankil Studio - Laink et Terracid,Youtuber pref
QUENTIN,Tech
Billie Eilish,Musique
SEB,Pause dej
Maxime Biaggi,Divertissement
Léo Duff,Youtuber pref
colline,Youtuber pref
Le Vortex - ARTE ,Culture
DEFAKATOR,Culture
Unlock Talk,Tech
Mcfly et Carlito la chaîne secondaire,Youtuber pref
Kevin Tran 陈科伟,Divertissement
Mcfly et Carlito,Youtuber pref
Grégory Guilmin,Finance & Business
Sgauth,Divertissement
slash,Culture
Lena retournement de Situations,Divertissement
CYRILstudio,Divertissement
Axel Paris — Finance En Clair,Finance & Business
Baguette Finance,Finance & Business
Fat Giorno,Youtuber pref
Brandon Butch,Youtuber pref
MisterJDay Bonus & Best-Of,Youtuber pref
Antoine Daniel - Clips,Youtuber pref
TPZ,Divertissement
MVP - Ma Vie Pro,Divertissement
Mark Manson,Pause dej
Underscore_,Youtuber pref
